<?xml version="1.0" encoding="UTF-8"?>
<!-- // @formatter:off -->

<!--
  ~ Artifactory is a binaries repository manager.
  ~ Copyright (C) 2017 JFrog Ltd.
  ~
  ~ Artifactory is free software: you can redistribute it and/or modify
  ~ it under the terms of the GNU Affero General Public License as published by
  ~ the Free Software Foundation, either version 3 of the License, or
  ~ (at your option) any later version.
  ~
  ~ Artifactory is distributed in the hope that it will be useful,
  ~ but WITHOUT ANY WARRANTY; without even the implied warranty of
  ~ MERCHANTABILITY or FITNESS FOR A PARTICULAR PURPOSE.  See the
  ~ GNU Affero General Public License for more details.
  ~
  ~ You should have received a copy of the GNU Affero General Public License
  ~ along with Artifactory.  If not, see <http://www.gnu.org/licenses/>.
  -->
<config xmlns:xsi="http://www.w3.org/2001/XMLSchema-instance"
        xmlns="http://artifactory.jfrog.org/xsd/2.0.3"
        xsi:schemaLocation="http://artifactory.jfrog.org/xsd/2.0.3
        http://www.jfrog.org/xsd/artifactory-v2_0_3.xsd">
<!--
    enable/disable anonymous downloads
    -->
    <security>
        <anonAccessEnabled>true</anonAccessEnabled>
        <anonAccessToBuildInfosDisabled>false</anonAccessToBuildInfosDisabled>
        <hideUnauthorizedResources>false</hideUnauthorizedResources>
        <passwordSettings>
            <encryptionPolicy>supported</encryptionPolicy>
            <expirationPolicy>
                <enabled>false</enabled>
                <passwordMaxAge>60</passwordMaxAge>
                <notifyByEmail>true</notifyByEmail>
            </expirationPolicy>
        </passwordSettings>
        <ldapSettings/>
        <ldapGroupSettings/>
        <userLockPolicy>
            <enabled>false</enabled>
            <loginAttempts>5</loginAttempts>
        </userLockPolicy>
    </security>
    <backups>
        <backup>
            <key>backup-daily</key>
            <!-- backup Monday to Friday at 2:00 AM -->
            <cronExp>0 0 2 ? * MON-FRI</cronExp>
            <!-- Always backup to a "current" dir (incremental backups) -->
            <retentionPeriodHours>0</retentionPeriodHours>
            <!-- exclude certain repositories from being backed up -->
        </backup>
        <backup>
            <key>backup-weekly</key>
            <enabled>false</enabled>
            <!-- backup on Saturday at 2:00 AM -->
            <cronExp>0 0 2 ? * SAT</cronExp>
            <!-- keep backups for 2 weeks. -->
            <retentionPeriodHours>336</retentionPeriodHours>
            <!-- exclude certain repositories from being backed up -->
        </backup>
    </backups>

    <!-- The interval at which to activate the maven indexer. -->
    <indexer>
        <!-- By Default index once a day at 05:23AM -->
        <cronExp>0 23 5 * * ?</cronExp>
    </indexer>
    <localRepositories>
        <localRepository>
            <key>example-repo-local</key>
            <type>generic</type>
            <description>Example artifactory repository</description>
            <repoLayoutRef>simple-default</repoLayoutRef>
            <handleReleases>true</handleReleases>
            <handleSnapshots>true</handleSnapshots>
            <suppressPomConsistencyChecks>true</suppressPomConsistencyChecks>
        </localRepository>
    </localRepositories>
    <repoLayouts>
        <repoLayout>
            <name>maven-2-default</name>
            <artifactPathPattern>[orgPath]/[module]/[baseRev](-[folderItegRev])/[module]-[baseRev](-[fileItegRev])(-[classifier]).[ext]</artifactPathPattern>
            <distinctiveDescriptorPathPattern>true</distinctiveDescriptorPathPattern>
            <descriptorPathPattern>[orgPath]/[module]/[baseRev](-[folderItegRev])/[module]-[baseRev](-[fileItegRev])(-[classifier]).pom</descriptorPathPattern>
            <folderIntegrationRevisionRegExp>SNAPSHOT</folderIntegrationRevisionRegExp>
            <fileIntegrationRevisionRegExp>SNAPSHOT|(?:(?:[0-9]{8}.[0-9]{6})-(?:[0-9]+))</fileIntegrationRevisionRegExp>
        </repoLayout>
        <repoLayout>
            <name>ivy-default</name>
            <artifactPathPattern>[org]/[module]/[baseRev](-[folderItegRev])/[type]s/[module](-[classifier])-[baseRev](-[fileItegRev]).[ext]</artifactPathPattern>
            <distinctiveDescriptorPathPattern>true</distinctiveDescriptorPathPattern>
            <descriptorPathPattern>[org]/[module]/[baseRev](-[folderItegRev])/[type]s/ivy-[baseRev](-[fileItegRev]).xml</descriptorPathPattern>
            <folderIntegrationRevisionRegExp>\d{14}</folderIntegrationRevisionRegExp>
            <fileIntegrationRevisionRegExp>\d{14}</fileIntegrationRevisionRegExp>
        </repoLayout>
        <repoLayout>
            <name>gradle-default</name>
            <artifactPathPattern>[org]/[module]/[baseRev](-[folderItegRev])/[module]-[baseRev](-[fileItegRev])(-[classifier]).[ext]</artifactPathPattern>
            <distinctiveDescriptorPathPattern>true</distinctiveDescriptorPathPattern>
            <descriptorPathPattern>[org]/[module]/ivy-[baseRev](-[fileItegRev]).xml</descriptorPathPattern>
            <folderIntegrationRevisionRegExp>\d{14}</folderIntegrationRevisionRegExp>
            <fileIntegrationRevisionRegExp>\d{14}</fileIntegrationRevisionRegExp>
        </repoLayout>
        <repoLayout>
            <name>maven-1-default</name>
            <artifactPathPattern>[org]/[type]s/[module]-[baseRev](-[fileItegRev])(-[classifier]).[ext]</artifactPathPattern>
            <distinctiveDescriptorPathPattern>true</distinctiveDescriptorPathPattern>
            <descriptorPathPattern>[org]/[type]s/[module]-[baseRev](-[fileItegRev]).pom</descriptorPathPattern>
            <folderIntegrationRevisionRegExp>.+</folderIntegrationRevisionRegExp>
            <fileIntegrationRevisionRegExp>.+</fileIntegrationRevisionRegExp>
        </repoLayout>
        <repoLayout>
            <name>nuget-default</name>
            <artifactPathPattern>[orgPath]/[module]/[module].[baseRev](-[fileItegRev]).nupkg</artifactPathPattern>
            <distinctiveDescriptorPathPattern>false</distinctiveDescriptorPathPattern>
            <folderIntegrationRevisionRegExp>.*</folderIntegrationRevisionRegExp>
            <fileIntegrationRevisionRegExp>.*</fileIntegrationRevisionRegExp>
        </repoLayout>
        <repoLayout>
            <name>npm-default</name>
            <artifactPathPattern>[orgPath]/[module]/[module]-[baseRev](-[fileItegRev]).tgz</artifactPathPattern>
            <distinctiveDescriptorPathPattern>false</distinctiveDescriptorPathPattern>
            <folderIntegrationRevisionRegExp>.*</folderIntegrationRevisionRegExp>
            <fileIntegrationRevisionRegExp>.*</fileIntegrationRevisionRegExp>
        </repoLayout>
        <repoLayout>
            <name>bower-default</name>
            <artifactPathPattern>[orgPath]/[module]/[module]-[baseRev](-[fileItegRev]).[ext]</artifactPathPattern>
            <distinctiveDescriptorPathPattern>false</distinctiveDescriptorPathPattern>
            <folderIntegrationRevisionRegExp>.*</folderIntegrationRevisionRegExp>
            <fileIntegrationRevisionRegExp>.*</fileIntegrationRevisionRegExp>
        </repoLayout>
        <repoLayout>
            <name>vcs-default</name>
            <artifactPathPattern>[orgPath]/[module]/[refs&lt;tags|branches&gt;]/[baseRev]/[module]-[baseRev](-[fileItegRev])(-[classifier]).[ext]</artifactPathPattern>
            <distinctiveDescriptorPathPattern>false</distinctiveDescriptorPathPattern>
            <folderIntegrationRevisionRegExp>.*</folderIntegrationRevisionRegExp>
            <fileIntegrationRevisionRegExp>[a-zA-Z0-9]{40}</fileIntegrationRevisionRegExp>
        </repoLayout>
        <repoLayout>
            <name>sbt-default</name>
            <artifactPathPattern>[org]/[module]/(scala_[scalaVersion&lt;.+&gt;])/(sbt_[sbtVersion&lt;.+&gt;])/[baseRev]/[type]s/[module](-[classifier]).[ext]</artifactPathPattern>
            <distinctiveDescriptorPathPattern>true</distinctiveDescriptorPathPattern>
            <descriptorPathPattern>[org]/[module]/(scala_[scalaVersion&lt;.+&gt;])/(sbt_[sbtVersion&lt;.+&gt;])/[baseRev]/[type]s/ivy.xml</descriptorPathPattern>
            <folderIntegrationRevisionRegExp>\d{14}</folderIntegrationRevisionRegExp>
            <fileIntegrationRevisionRegExp>\d{14}</fileIntegrationRevisionRegExp>
        </repoLayout>
        <repoLayout>
            <name>simple-default</name>
            <artifactPathPattern>[orgPath]/[module]/[module]-[baseRev].[ext]</artifactPathPattern>
            <distinctiveDescriptorPathPattern>false</distinctiveDescriptorPathPattern>
            <folderIntegrationRevisionRegExp>.*</folderIntegrationRevisionRegExp>
            <fileIntegrationRevisionRegExp>.*</fileIntegrationRevisionRegExp>
        </repoLayout>
        <repoLayout>
            <name>composer-default</name>
            <artifactPathPattern>[orgPath]/[module]/[module]-[baseRev](-[fileItegRev]).[ext]</artifactPathPattern>
            <distinctiveDescriptorPathPattern>false</distinctiveDescriptorPathPattern>
            <folderIntegrationRevisionRegExp>.*</folderIntegrationRevisionRegExp>
            <fileIntegrationRevisionRegExp>.*</fileIntegrationRevisionRegExp>
        </repoLayout>
        <repoLayout>
            <name>conan-default</name>
            <artifactPathPattern>[module]/[baseRev]/[org]/[channel&lt;[^/]+&gt;][remainder&lt;(?:.*)&gt;]</artifactPathPattern>
            <distinctiveDescriptorPathPattern>false</distinctiveDescriptorPathPattern>
            <folderIntegrationRevisionRegExp>.*</folderIntegrationRevisionRegExp>
            <fileIntegrationRevisionRegExp>.*</fileIntegrationRevisionRegExp>
        </repoLayout>
        <repoLayout>
            <name>puppet-default</name>
            <artifactPathPattern>[orgPath]/[module]/[orgPath]-[module]-[baseRev].tar.gz</artifactPathPattern>
            <distinctiveDescriptorPathPattern>false</distinctiveDescriptorPathPattern>
            <folderIntegrationRevisionRegExp>.*</folderIntegrationRevisionRegExp>
            <fileIntegrationRevisionRegExp>.*</fileIntegrationRevisionRegExp>
        </repoLayout>
    </repoLayouts>
    <gcConfig>
        <cronExp>0 0 /4 * * ?</cronExp>
    </gcConfig>
    <cleanupConfig>
        <!-- by default cleanup once a day at 05:12AM -->
        <cronExp>0 12 5 * * ?</cronExp>
    </cleanupConfig>
    <virtualCacheCleanupConfig>
        <!-- by default cleanup once a day at 05:00AM -->
        <cronExp>0 12 0 * * ?</cronExp>
    </virtualCacheCleanupConfig>
    <folderDownloadConfig>
        <enabled>false</enabled>
        <maxDownloadSizeMb>1024</maxDownloadSizeMb>
        <maxFiles>5000</maxFiles>
        <maxConcurrentRequests>10</maxConcurrentRequests>
    </folderDownloadConfig>
    <trashcanConfig>
        <enabled>true</enabled>
        <allowPermDeletes>false</allowPermDeletes>
        <retentionPeriodDays>14</retentionPeriodDays>
    </trashcanConfig>
</config>
